1,18וזכינו.mp3,השירים השקטים,האוסף החסידי,11t4AZPw8vQvcC1HdnWXsfo8hkcN4fIg7
2,20המלאך הגואל.mp3,השירים השקטים,האוסף החסידי,12BICq9q6u_tW94rca5JtfS_EaZcfFx6a
3,19זכור.mp3,השירים השקטים,האוסף החסידי,1262Gd0j2I1KxMdvIwGOBoHJzgqTbhFIB
4,14ממקומך.mp3,השירים השקטים,האוסף החסידי,11k1cj9mQNLTXXXgvYdiqwDEwj-vgcKOD
5,15קול ברמה.mp3,השירים השקטים,האוסף החסידי,11aEfSQN00aDvFCRs5AD5O7LpmGYrwAsc
6,16ניגון לעתיד לבוא.mp3,השירים השקטים,האוסף החסידי,11qCjiLkWDodCfjcSZhYQYU_X6CkxfT6W
7,17והראינו.mp3,השירים השקטים,האוסף החסידי,11y4tIvaDp8U5yNW8JZFO3so87LgzEtsG
8,13אבינו.mp3,השירים השקטים,האוסף החסידי,11Z8JsBVKeYYjhEF_NOyzZKQ1PeAGBnY8
9,12אדם.mp3,השירים השקטים,האוסף החסידי,11XEIX8RWHafNL5E45RqODRQdt-1aib9w
10,10על זאת.mp3,השירים השקטים,האוסף החסידי,11Vi3aXXo8lfWpExJkDAWRc68IvOlghro
11,09אשא עיני.mp3,השירים השקטים,האוסף החסידי,11Jz_r66hxxX4tE8jvf60F9-tUwrhHAf9
12,11נחמו.mp3,השירים השקטים,האוסף החסידי,11V6tvaxM2RWhSJmpOzysMThztDlsJTf9
13,05בני.mp3,השירים השקטים,האוסף החסידי,11BwuDgRfUxq5_pe3pwE5qud9ZUnWnjsY
14,07שלום עליכם.mp3,השירים השקטים,האוסף החסידי,11E6W_EF93QfWLPeHgb5K3oMFS0p9ivva
15,06זעקתי.mp3,השירים השקטים,האוסף החסידי,11BwC0yM6VmU_i3kBE7gFi7g5B4cuRRei
16,04צדיק.mp3,השירים השקטים,האוסף החסידי,116lJWQJZG5YQMlWDHV9f-tK5J_E16sQe
17,08למען אחי.mp3,השירים השקטים,האוסף החסידי,11PsatWypTejceB3wzrcHjWRPaackCzB0
18,03ניגון בעל שם טוב.mp3,השירים השקטים,האוסף החסידי,111mHN97K0NmEISHzxwl9-X6yuC6agXpB
19,02אלוקי.mp3,השירים השקטים,האוסף החסידי,10uDmGy6L5brJ-JGC-mH3_owa_01f3ZrS
20,01רזא דשבת.mp3,השירים השקטים,האוסף החסידי,10ow-EsYIt_jE1hUXg85sWhEW6JU3pXAr
21,29ולא אמר.mp3,השירים הקצביים,האוסף החסידי,10gt6pHP0Ejc9jq7aPe7p918H8ZCjucoZ
22,28ויזכו.mp3,השירים הקצביים,האוסף החסידי,10WMeD_tiJaMiBGrNyRbXegvd7uJ3Cqns
23,30לקל ברוך.mp3,השירים הקצביים,האוסף החסידי,10fQVKlZT7ncFMkM0r93tCslCwLYDKhYJ
24,26דוד מלך.mp3,השירים הקצביים,האוסף החסידי,10T1H9V8fMtWwC3tizIcNYpgXlKViRzjc
25,27שיר הגאולה.mp3,השירים הקצביים,האוסף החסידי,10YdsQrDsCm9NNCr5hu2KueL9Slzb_Gon
26,24כל ישראל.mp3,השירים הקצביים,האוסף החסידי,10OkjiYOQHDBysp0e64yrV9Exufqx0T4V
27,25כל מי.mp3,השירים הקצביים,האוסף החסידי,10TA1JZUn16TvdSHv29F6CkpmObFSu_fM
28,23והיה השם למלך.mp3,השירים הקצביים,האוסף החסידי,10RSACs9-0vuTe4tkBi9c_-Ccy7N4Gfv-
29,22הוי דן.mp3,השירים הקצביים,האוסף החסידי,10JLVVgo9Gc20QUHTM2h-h-NBpdotf2jX
30,21יבנה המקדש.mp3,השירים הקצביים,האוסף החסידי,10OiKRQAsiW1djpkCVgt6UQx0hVZAYkb-
31,18שמע בני.mp3,השירים הקצביים,האוסף החסידי,10E8iv4vdrsry0DFsqYKFSy9yvY-OKJWo
32,19קל עליון.mp3,השירים הקצביים,האוסף החסידי,10DOopjLa1HWsCP1uRSSiBHC1gvY9HbX4
33,20מחרוזת שמחם.mp3,השירים הקצביים,האוסף החסידי,10JCZPDz8jxEUhsOIIgCqAAXia5E6AIvf
34,17הנה לא ינום.mp3,השירים הקצביים,האוסף החסידי,1056Q7em1z2lRFcpZ1VxIBNLhXR4GjI3M
35,16אנא עבדא.mp3,השירים הקצביים,האוסף החסידי,10CnAcxn-VVKi41FAMzSgka6qmltP-wnU
36,14וימלא.mp3,השירים הקצביים,האוסף החסידי,1041MQIJBL_CPYfZ6KO1zitQn2QNqTmLw
37,13ביום ההוא.mp3,השירים הקצביים,האוסף החסידי,1-gK-nk-bcoxLy3D33TH7wIg4fPch8C6x
38,15ישראל בטח בהשם.mp3,השירים הקצביים,האוסף החסידי,1-yoAbZUBMaHgnA44Irdil6c0hEn70mQb
39,12דא הוא.mp3,השירים הקצביים,האוסף החסידי,1-mKIMzzvyw4C9Yb91KbSWu9mKTTOcDoF
40,10סימן טוב.mp3,השירים הקצביים,האוסף החסידי,1-agPNSj1ZS42qdX3VHTrw1CWJf3lGVyV
41,07ובאו האובדים.mp3,השירים הקצביים,האוסף החסידי,1-aepmqPfqBXkh7eKQlutrJUxuUHhaxlZ
42,11ישיש.mp3,השירים הקצביים,האוסף החסידי,1-uS8EYRL3oOX_pK5RosFOaqgSE5nkG93
43,08הרחמן.mp3,השירים הקצביים,האוסף החסידי,1-VPScPd88TFklu-SM9HYhAPLY1aVb7MG
44,06ויתן.mp3,השירים הקצביים,האוסף החסידי,1-KGmmSFqrlBcLUmnBocQ0m9iC25dDS6j
45,09עוד ישמע.mp3,השירים הקצביים,האוסף החסידי,1-dLDX_Dbzq88WjOPzj9H9heZmamvz1M9
46,05ויעשו כולם.mp3,השירים הקצביים,האוסף החסידי,1-T_IlOz4RbmdZJBRR9ildja3zEX7II3n
47,03אדיר.mp3,השירים הקצביים,האוסף החסידי,1-Jf3QGdKAUPfJbR7Z9o5Odw9zntJzKia
48,04הוא כלל.mp3,השירים הקצביים,האוסף החסידי,1-ItkEB-Ne5tNAED02GNnWLuwUFW2PHi1
49,02שהחיינו.mp3,השירים הקצביים,האוסף החסידי,1-G62xE3kniD5nCN9FgvqhM8XVNk-rAqV
50,01ברוך הבא.mp3,השירים הקצביים,האוסף החסידי,1-IW-VggdWPs6PLQ5vUswXNs5XttuPkTe
1,10 רצועה 10.wma,הרב עובדיה,הרב עובדיה,1L0GrlTSCb4PpZW59nKdADIQaVUMckDxx
2,11 רצועה 11.wma,הרב עובדיה,הרב עובדיה,1NZwG1C15Bbcsx0LFp_iVYVd7WB9zmAFl
3,15 רצועה 15.wma,הרב עובדיה,הרב עובדיה,1_GsHm8yRbc6jmG9FnmK_eN1spI4Ogc1Z
4,12 רצועה 12.wma,הרב עובדיה,הרב עובדיה,1nm-_NNzlengrzgnx_dt4rSAcqGwQPcUK
5,14 רצועה 14.wma,הרב עובדיה,הרב עובדיה,11GVHm8JiT_l7ncMnA61O8GIYD2j8EtNJ
6,16 רצועה 16.wma,הרב עובדיה,הרב עובדיה,1QpXt1FZMM2aIDA-i1C5zZZ1Ie_40xL2j
7,13 רצועה 13.wma,הרב עובדיה,הרב עובדיה,1O83TxQ7i-z57oVqzZkNibjiLW4VGMeBY
8,07 רצועה 7.wma,הרב עובדיה,הרב עובדיה,1_IguHChOLPc1WYvlGY8evFJ0c80xVyHa
9,08 רצועה 8.wma,הרב עובדיה,הרב עובדיה,1KN2Tb8rIFq3kVRiw0RNEeONUJHbXjFW6
10,05 רצועה 5.wma,הרב עובדיה,הרב עובדיה,1defkLaJU9tV3O0udh-DhLLquo3ik22Vb
11,06 רצועה 6.wma,הרב עובדיה,הרב עובדיה,1hjGGjSyRDoDtOGbAOo0J3CbCxGf0Oz3A
12,04 רצועה 4.wma,הרב עובדיה,הרב עובדיה,1MHAgZJXkLfRyxQ-PVcZ2NAXuedOpWasD
13,09 רצועה 9.wma,הרב עובדיה,הרב עובדיה,11R-_iCyITadbn7skko_xDLHBZODYqi0j
14,02 רצועה 2.wma,הרב עובדיה,הרב עובדיה,1qRpKcm_2zMsOk2qE8jaR0fB9g7ubzJI6
15,01 רצועה 1.wma,הרב עובדיה,הרב עובדיה,1AIIyqh_ibMVx_ikNvGYOCt1nwWvSTLSK
16,03 רצועה 3.wma,הרב עובדיה,הרב עובדיה,10wOImoeX6GD_7Rh-vk3LH3RgZOyQ_0Sf
1,10 רצועה 10.wma,הרב עובדיה,הרב עובדיה,12lxxbNazYL7q6_GJMgznERIOpEPZ5dc4
2,14 רצועה 14.wma,הרב עובדיה,הרב עובדיה,1384SXkSs4YPEPyMfDGon9IBfJE_eq3Uq
3,13 רצועה 13.wma,הרב עובדיה,הרב עובדיה,13O2M4ETyDmPJzfnhpIO-xw5w0MIkMx2C
4,12 רצועה 12.wma,הרב עובדיה,הרב עובדיה,13TIl4kgnZAglmdE6OpifKgKzQah9byFJ
5,16 רצועה 16.wma,הרב עובדיה,הרב עובדיה,13UdIw87EdLrYIPYlH4Gi8JAhPdacFoUF
6,15 רצועה 15.wma,הרב עובדיה,הרב עובדיה,12tKqLyh6u7_dGlvFkmH2jw4bjCpVo-Qt
7,09 רצועה 9.wma,הרב עובדיה,הרב עובדיה,12nV_JkUwq8_uFYAuU7s4PzwX8Vfg14jT
8,07 רצועה 7.wma,הרב עובדיה,הרב עובדיה,12UGv_Yz1yBc5jwJ38IGAt32Sz8o2aimZ
9,04 רצועה 4.wma,הרב עובדיה,הרב עובדיה,12GAmTSdIFCy6YOL4CBogAJZIk4SqFLHr
10,06 רצועה 6.wma,הרב עובדיה,הרב עובדיה,12WJmWQTRFdSv2mFb3unZjtk9Z1AxYeMa
11,05 רצועה 5.wma,הרב עובדיה,הרב עובדיה,12ZN-lwccXPJFapvlBwcfsPhwZtjXxglh
12,08 רצועה 8.wma,הרב עובדיה,הרב עובדיה,12oYOrg8ZREql7LT9FG7oQ8jTd7cRgjoB
13,02 רצועה 2.wma,הרב עובדיה,הרב עובדיה,12MJy5MqejbkzLEU4u87dZ9VLlDTXcgms
14,03 רצועה 3.wma,הרב עובדיה,הרב עובדיה,12Hm5jeV4z-dTweidQXDXUwV2yrSskbpO
15,01 רצועה 1.wma,הרב עובדיה,הרב עובדיה,12AAtCkfuPxmuBbf34aCsi8oAIGelGg_s
1,ה-  דאנס 05.mp3,שלומי טויטו,שלומי טויטו,1unkYcB4ep67d9ObIAcU-ShwaSudRwoqt
2,ד- שבת 04.mp3,שלומי טויטו,שלומי טויטו,1bXAAZq43b4vBIqQZrbLhvZeLi9tQLmeg
3,ו- שקטים 06-.mp3,שלומי טויטו,שלומי טויטו,1VP2GcAF-ynAIgL5zWZNupx0gIxfmVJq-
4,ג- מזרחי- חפלה 03 .mp3,שלומי טויטו,שלומי טויטו,1TwqMQhnACjxiGYB2BXu9w0qIa-2kySmP
5,א- חסידי 01.mp3,שלומי טויטו,שלומי טויטו,1VmbyXBotUnald3RbicWeDr6mu-I-5fO6
6,ב- מזרחי- דאנס 02 .mp3,שלומי טויטו,שלומי טויטו,1QwE27IHkdX7sZLnMBYrS2cPlZeWGdsZU
1,כל צמא.wma,מחרוזת שקטה,מחרוזות,1M4NPYX9ABzO6_mRKXMfZecB1E-YEpmPt
2,מוריה.wma,מחרוזת שקטה,מחרוזות,1lnaNjX0dmpiqZjBHIdoiOAXfAolIR9o1
3,מקימי.wma,מחרוזת שקטה,מחרוזות,1d50itzwaAYqf-Zefh5ZhjoKcf4sdoJlR
4,בורא העולם בקניין.wma,מחרוזת שמחות,מחרוזות,1Wr3U_B0XCxohynmYDwKEa9DLpt0vMXFv
5,וישמע.wma,מחרוזת שמחות,מחרוזות,1y0e5dwJFMOSVG_T5P24h2tws99HIx_OE
6,שמח ורוקד.wma,מחרוזת שמחות,מחרוזות,1C8kxI4Wo3ctG9M29dDCqURQv9DqVjU4D
7,עוד ישמע.wma,מחרוזת שמחות,מחרוזות,16FJW-Uece8AVnIqDcZYWPWNmlC8DX0nA
8,עוז והדר.wma,מחרוזת שמחות,מחרוזות,1fub4zDuoMp46fF6KYIV67PEgBz0uIIIt
9,אשת חייל.wma,מחרוזת שמחות,מחרוזות,1xBxBYlycAtW42niqHkI37BlUTzXN_c0i
10,שאו שערים.wma,מחרוזת שמחות,מחרוזות,1J4AqzXW1QcYuOmAufHGKpxAkopenzHGM
11,ישיש עליך.wma,מחרוזת שמחות,מחרוזות,1QNHETqGCmMVAXn0AqoWdGp2d91tRJaWE
12,סימן טוב.wma,מחרוזת שמחות,מחרוזות,1B8reVBdleXPjrM9nV40b7QMUhH4ET0uH
13,ענבי הגפן.wma,מחרוזת שמחות,מחרוזות,1Ik7VgE_g60q7_9a3a_GiwGGRbbpt0ZbV
14,מקימי.wma,מחרוזת נשמה,מחרוזות,1twD5nnJ0a2VxIwt2cJ3I3jJCdG_YmhdK
15,ניגון קה אכסוף.wma,מחרוזת נשמה,מחרוזות,1PLNEvYP4px2kShqhMSySTfhGU4U5XaUp
16,עד מתי.wma,מחרוזת נשמה,מחרוזות,1pT3gXp29GIc29GE247-93DnR2UuQnMQW
17,מאמע רחל.wma,מחרוזת נשמה,מחרוזות,1AdpxDLhvhIGmLPROHj2ljfjKxNkhAwaQ
18,ימלא פי.wma,מחרוזת נשמה,מחרוזות,1KVwM3g1wmIzXp1sZG-fcxHamWEpNUZaF
19,אם אשכחך ירושלים.wma,מחרוזת נשמה,מחרוזות,1EEBQTPuKJRrVuXEer8L7l_jxN-yC9G_g
20,א גהויבען זמן.wma,מחרוזת רוק,מחרוזות,1vhSr4y6CtvOkhIqaINGhrvaj8WABbKvZ
21,מה שהיה.wma,מחרוזת רוק,מחרוזות,17mLou9JeDtSkDNQG8pmxqynSP599JZhm
22,השמח בחלקו.wma,מחרוזת רוק,מחרוזות,1HdSQ01PfjAUvT785PX43PO4ktxapWIU3
23,פתאום.wma,מחרוזת רוק,מחרוזות,1bzC7Jgy_UvQuy5XExmalIpNUlN7BE2oZ
24,זכרני נא.wma,מחרוזת רוק,מחרוזות,1CUALX5NeCY-a3YIhSdQLRiM_y7waChag
25,נחום איש גמזו.wma,מחרוזת רוק,מחרוזות,1h8Tc5jq6MfezAldYbxLGpc9DBrR9Y8T1
26,הוא יפתח.wma,מחרוזת רוק,מחרוזות,1tfplcRn1A007UbmVt_Eei7eQl1Jv58eT
27,לא ישא גוי.wma,מחרוזת רוק,מחרוזות,1txrJzs8keaItzvs-c6kdf1AmJ0aZ0aKY
28,מלך.wma,מחרוזת רוק,מחרוזות,1QC_Mjc830RVz-OCnDiqyZfdE8d424dMc
29,מאמינים.wma,מחרוזת מאמינים,מחרוזות,1TmdzgSNTUwj4HZIvWKGgvmiPQta9tyMv
30,ובא לציון גואל.wma,מחרוזת מאמינים,מחרוזות,1dttnrW_-xze8wmA75ZtikncKiPpnfDUe
31,בהדרת קודש.wma,מחרוזת מאמינים,מחרוזות,1eIRp5k3mcxRb8V1FBC3iHeOvHRERy13-
32,יודו לה חסדו.wma,מחרוזת מאמינים,מחרוזות,1Sa0wYcwR-xu3zcJhjWNDUzFd9QCtnYsZ
33,ונשגב.wma,מחרוזת מאמינים,מחרוזות,1Znp72qiDVSXyMdW5o-b2TEro_lffXzMt
34,ותגלה ותראה.wma,מחרוזת מאמינים,מחרוזות,1sMM1sNv6SQz7kJKfCqL1BbPksL5k5qLq
35,אתה תקום.wma,מחרוזת מאמינים,מחרוזות,1S9di2VPGEWPITluWTb-hHsbV5ioh8vIS
36,4 ניגון הרבי.mp3,מחרוזת אין עוד מלבדו,מחרוזות,1aI57_I9jlgdc46EOqtIUhzjlocILXW4y
37,2 והכן פרנסתנו.mp3,מחרוזת אין עוד מלבדו,מחרוזות,1cWqyYjsbO40ugviPJqVsRNlz2Lu7Khcg
38,9 קלי קלי למה.mp3,מחרוזת אין עוד מלבדו,מחרוזות,1NVXZslLjRrycyviIwHrynF0EYr56vqhS
39,5 ענבי הגפן.mp3,מחרוזת אין עוד מלבדו,מחרוזות,1HZtmBqpHhlSVzeeknwRuRdit7nEKV1dg
40,6 אני מאמין.mp3,מחרוזת אין עוד מלבדו,מחרוזות,142HVhJ1pSYEFNgfp90LwZoRc-RWt3_zj
41,8 עוד ישמע.mp3,מחרוזת אין עוד מלבדו,מחרוזות,1_EQpZgQcAPF_9YYdHFo3GhKkik9XOKsD
42,10 חברון.mp3,מחרוזת אין עוד מלבדו,מחרוזות,1ExQdQvV6lMIEzeDrZBdJTbIvVphRG0AI
43,1 אין עוד מלבדו.mp3,מחרוזת אין עוד מלבדו,מחרוזות,13eWyA9Z1k34FOYzrE9qzxnihRikrEXaB
44,7 קדוש.mp3,מחרוזת אין עוד מלבדו,מחרוזות,1_ve3WUsbH9LTCvJgaEsNAVlEEwQNgUMs
45,3 על כל רגע.mp3,מחרוזת אין עוד מלבדו,מחרוזות,19hOcg_bpoLzNpKXab4CWydMCRWaHDZg2
46,יהי ה.wma,מחרוזת יצליח,מחרוזות,1VGnfAdeCRnlT74fmNXkKxypUsE_Hq2Sx
47,וטהר ליבינו.wma,מחרוזת יצליח,מחרוזות,12HZFwA3-ki_XejW_wztePGgSegSiZ4_1
48,אשרי מי.wma,מחרוזת יצליח,מחרוזות,1PVJVQsLaNYAgueO8mIhKe16LnFoQ-Vgz
49,יצליח.wma,מחרוזת יצליח,מחרוזות,1DVKMnu4F07wsf-X9Ut_RVzW9X3DwJalb
50,ואמר ביום ההוא.wma,מחרוזת יצליח,מחרוזות,1Ed2eZ93RhjYBlvP2NDE2qXwQmq1pRScf
51,ורוממו לקל.wma,מחרוזת יצליח,מחרוזות,1RUN4gR8J4vA2vjCuUswADEAZ29kn9zDz
52,אמת.wma,מחרוזת יצליח,מחרוזות,111-1n6EO_brdY1Ba6usDiYcgqGZFUaQp
53,נעימות.wma,מחרוזת הורה,מחרוזות,1jUzaAOGaqT2Zb7wfmN4DwtcckONYVxwE
54,הורה-מירון.wma,מחרוזת הורה,מחרוזות,1Fif188K7qFk87Q26xq80Z6gbwiBpu-Bz
55,הוא יפתח לבינו.wma,מחרוזת הורה,מחרוזות,12_lax92GBp8eohnsKzlgnga-c5fDM4gr
56,לכה דודי.wma,מחרוזת הורה,מחרוזות,1hrT7GpEW_dl2Nijec-Xp-I1gZ5gre_NW
57,רבי שמעון.wma,מחרוזת הורה,מחרוזות,1hG3bxE3PMpv6y0Nb6UghtM7AKaXsnrug
58,הורה-עממי.wma,מחרוזת הורה,מחרוזות,1vDEsvIbEbvuW5k4PkLstnMz-dOVSZ23I
59,לפניו נעבוד.wma,מחרוזת הורה,מחרוזות,1XYtf6cZBI6ijTR4km4WIzJNdCtoBEHmE
60,דדא ביה.wma,מחרוזת הורה,מחרוזות,1dAwz8SjCzpqaXDrwGhHdNtqBqlFqBp-_
61,על חומותיך.wma,מחרוזת הורה,מחרוזות,1HGrjYMM4bgqyUuyEaAE16vWtQIVFA4p4
62,מי שאמר.wma,מחרוזת הורה,מחרוזות,1wLXWI-uoeMNkj9Cdnancy8OO8S3bSfHc
63,הורה-ירושלמי.wma,מחרוזת הורה,מחרוזות,1k9g_UrXZpmaegN-HzEDdancYROxe5V4q
64,בן בג בג.wma,מחרוזת הורה,מחרוזות,1fIRQzkQWJnlxnBtUYHOhReRTJuQedBKQ
1,Pinky Weber - Lechtig.pdf,לעכטיג,אוספים חסידים,1Czt5VJ_EYprQOw2PGZ6e2l_jED79ATJ8
2,test.jpg,לעכטיג,אוספים חסידים,1D-y_5oNXx7HwsxOjH6GIduglOmNcXGFY
3,15 15 B shu.mp3,לעכטיג,אוספים חסידים,1CpSWDDJA1JVKIW_lAr6P2K7kADYZVeRU
4,13 13 Koi Umar.mp3,לעכטיג,אוספים חסידים,1C_pwdRWcKEwK_LRpNAfR7IHAkN5IAqnK
5,14 14 Chunieni Vaanieni.mp3,לעכטיג,אוספים חסידים,1ClTadUQFdcdprgtKhKKejZD1wLioOMrA
6,11 11 Ani Holech.mp3,לעכטיג,אוספים חסידים,1CT_eFgXAIxZ4S6Hm8QfF-o_gMVHApP6p
7,12 12 Tanye.mp3,לעכטיג,אוספים חסידים,1CZKRj4K_t3XJWissnJeyYElL56cya8An
8,10 10 Ezkeru.mp3,לעכטיג,אוספים חסידים,1CSh1Ikv3eOJYwLJwwufyzvnc2z6IyFow
9,09 09 Kol B rumu.mp3,לעכטיג,אוספים חסידים,1CR5e9SgdaXW2tOJiAy48e5Jbp3FKgOrr
10,07 07 Nafshi.mp3,לעכטיג,אוספים חסידים,1CICVPz7v7J7rYqY5UuMgTHjsrlOCWV3X
11,08 08 Oilom Habu.mp3,לעכטיג,אוספים חסידים,1CLkMGz2lxOrtY1nDszkoOkpEsFOfe1Mf
12,06 06 Pinky s Halel.mp3,לעכטיג,אוספים חסידים,1CAhORPaGgIgfhC2DM5t9Q8qrqwSIjnBV
13,05 05 Yidele.mp3,לעכטיג,אוספים חסידים,1C0VUqel-EAsBK8v_ZFcp-Q1q3Wo4d8E1
14,04 04 Malachei Rachmin.mp3,לעכטיג,אוספים חסידים,1Bz_7J3dRZopyTi50xMWmqSTNPdTtBUbt
15,01 01 V siten Luni Chaim.mp3,לעכטיג,אוספים חסידים,1BlmY-rm3mAiVlIpfBjs02wDSnktm-hop
16,02 02 Lechtig.MP3,לעכטיג,אוספים חסידים,1BuFOI5R3eXEh69bXCY4rq5cygNt-44eJ
17,03 03 Rabbi Shimon.mp3,לעכטיג,אוספים חסידים,1BwMQDe_CJu7AMsscU19yD21Rfadj1Vqs
18,Track 15.mp3,קול ברמה,אוספים חסידים,1mE2Rb4fM0suDJSX-v_i1qHFSTiY8ikKN
19,Track 14.mp3,קול ברמה,אוספים חסידים,1mEHhzF41u7XDu64gAvhJWiX3gMp5Bp7H
20,Track 13.mp3,קול ברמה,אוספים חסידים,1mG7wgMKIAFaq9DfU5-lsJxi0RjTO_Zf3
21,Track 08.mp3,קול ברמה,אוספים חסידים,1m0LkD5-9L8jr5KOzi0dbsLfhjbsTL7er
22,Track 12.mp3,קול ברמה,אוספים חסידים,1mCHmWYaTxbTMHWqs9cb4R9AyWX1fvynl
23,Track 11.mp3,קול ברמה,אוספים חסידים,1mAVqURiCTXRi3lpE2RRi2TtRhzkGaSTG
24,Track 10.mp3,קול ברמה,אוספים חסידים,1m3Glomu3hWS_OL-6ZftA_MTtOqc1-9gd
25,Track 09.mp3,קול ברמה,אוספים חסידים,1lxpH7PXqkcu-6YY4W_TLQnBL8BzxFb45
26,Track 07.mp3,קול ברמה,אוספים חסידים,1m33KxPCL3gsYZjJCmMt12LC6GYKK059Z
27,Track 06.mp3,קול ברמה,אוספים חסידים,1lsCTndEnT-fSB4UN23oRRWrt7EaB0Lgy
28,Track 05.mp3,קול ברמה,אוספים חסידים,1lvTtff7GpiSs5vQUpkJe8KsHXuH57tF0
29,Track 04.mp3,קול ברמה,אוספים חסידים,1lw0nst7vP-vL1rZD3oocDAYTWuIPpWo-
30,Track 03.mp3,קול ברמה,אוספים חסידים,1loN3fk9K4rFBPvrwfXsvscBs4Ksurkvm
31,Track 01.mp3,קול ברמה,אוספים חסידים,1lrG3BTVA_jxQfLlJ5kkawnUEISqgG5Cl
32,Track 02.mp3,קול ברמה,אוספים חסידים,1lpI2VJxuN7IZu8uy4IBFxl5P3gAH7OYf
33,Track 13.mp3,עוד ישמע,אוספים חסידים,1lknn3YYK-b0IlBnj5tfCsiaoHdVbmq_k
34,Track 15.mp3,עוד ישמע,אוספים חסידים,1li6fkvQUJZNcUXlR9dXJTm5HlSBBZZJ5
35,Track 14.mp3,עוד ישמע,אוספים חסידים,1lk6XGGpNWUesElOmTJzzLsXb67NfwJUL
36,Track 11.mp3,עוד ישמע,אוספים חסידים,1lbRsSVkGf_SJpt6pExgxVMuO29765neS
37,Track 10.mp3,עוד ישמע,אוספים חסידים,1lXtw8bNT2m3cm6yRSbkZ5IdP77cYmnBJ
38,Track 12.mp3,עוד ישמע,אוספים חסידים,1laorgiWzPlWF7CC-ebt2rclfEaQLVzBQ
39,Track 07.mp3,עוד ישמע,אוספים חסידים,1lUeyDGp1r8Zx-PT7EUcy90GkqzpPZh11
40,Track 09.mp3,עוד ישמע,אוספים חסידים,1lZzf00w15rQV0m6bPtgyeBPE_szG66Fq
41,Track 08.mp3,עוד ישמע,אוספים חסידים,1l_g0XBNCOw9hyrVKT9e6DlDVz2d5M2KZ
42,Track 04.mp3,עוד ישמע,אוספים חסידים,1lMm3aK07GQPEtraZKAOSUWzxaUf1QMl0
43,Track 06.mp3,עוד ישמע,אוספים חסידים,1lTvqHxtjEjgfxXa17wg8VEc8cdDvDaos
44,Track 03.mp3,עוד ישמע,אוספים חסידים,1lGPF29P_cvPS363dviNKyhJuB5W7QqLQ
45,Track 05.mp3,עוד ישמע,אוספים חסידים,1lMdsUjSUqEGzRRJWplteefarRAx5_bph
46,Track 01.mp3,עוד ישמע,אוספים חסידים,1lLO-Z2p66LpWigRPl4TSdu5uHl5gEqC_
47,Track 02.mp3,עוד ישמע,אוספים חסידים,1lIO_CvjJ3lUotf8z6wIaWNY-cHZeuuIZ
48,Track 15.mp3,ברכי נפשי,אוספים חסידים,1knZqrMstWkZYX0kmsFvlom6XkrS5tNmC
49,Track 14.mp3,ברכי נפשי,אוספים חסידים,1kpfJLCLXxpfdfj2m3aa8vseVn3MT8HQa
50,Track 13.mp3,ברכי נפשי,אוספים חסידים,1ktUYudC1TjKyRkHDuGyEO_E0lBLEWX60
51,Track 11.mp3,ברכי נפשי,אוספים חסידים,1kmdOSIYD4pMjIlZzDh2n0aJY1HrKhWah
52,Track 12.mp3,ברכי נפשי,אוספים חסידים,1kldwYjw4CS-b01CdPaEZQxdeMDz4cyZ6
53,Track 06.mp3,ברכי נפשי,אוספים חסידים,1kXztwqk3tbnD47zi0Mk_1q-rGJR5UEUB
54,Track 08.mp3,ברכי נפשי,אוספים חסידים,1ka0jAusXDXRs6CJhQz1ek-SzMRJW35D9
55,Track 10.mp3,ברכי נפשי,אוספים חסידים,1klbBHUHz3kZrmmu-T3fSoodXD-B3CDRU
56,Track 07.mp3,ברכי נפשי,אוספים חסידים,1kdNPbH-RCWG-67ZGlVUPpNV48WN2dyC3
57,Track 09.mp3,ברכי נפשי,אוספים חסידים,1kdYtGQ54AzmMmuT_cchkURi6rRwNdZBC
58,Track 03.mp3,ברכי נפשי,אוספים חסידים,1kXcWTSjMdfz7jEmbuxuwf-0DTPnh2o9H
59,Track 05.mp3,ברכי נפשי,אוספים חסידים,1kYxGALO0NDR34gAFJDGTw2jT8x0wtSN3
60,Track 01.mp3,ברכי נפשי,אוספים חסידים,1kQMdK55pPsBEWjOFfUFfgs2m_FfV_c1S
61,Track 02.mp3,ברכי נפשי,אוספים חסידים,1kPTFKlCnDHuTrMSc3O2htNXeWouywoz1
62,Track 04.mp3,ברכי נפשי,אוספים חסידים,1kVtdzTKe46BkxnzV0KB5RCw3a-I1fu_b
63,Track 14.mp3,משיח משיח,אוספים חסידים,1lFXFwVzpY6j4f63juqW9PgzraEs_LcDh
64,Track 15.mp3,משיח משיח,אוספים חסידים,1lFQIS0b-Vo3JrF03D4ZdUkSudDjv2bRh
65,Track 12.mp3,משיח משיח,אוספים חסידים,1lBzPpk5w6AhQVvVhWFZRjclmDqEZU_-U
66,Track 13.mp3,משיח משיח,אוספים חסידים,1lFikwpB6TAlujVVD7CpXK2ynIX8reUWT
67,Track 08.mp3,משיח משיח,אוספים חסידים,1l9U8exelhmKayRWjWsXLF8SgHesmk50I
68,Track 10.mp3,משיח משיח,אוספים חסידים,1lEMzbasM2L0NQDT8jrhG1KeuCYxRBeGI
69,Track 11.mp3,משיח משיח,אוספים חסידים,1lDpIO_GQLa8gIyrn6u8hIbhllaw0i7F_
70,Track 09.mp3,משיח משיח,אוספים חסידים,1l7dmi01Dg1zYZA4bmlHnw_FpdREjYOTt
71,Track 05.mp3,משיח משיח,אוספים חסידים,1l3dKUzjXc83phObCd6lP8pYFfIgApVq5
72,Track 06.mp3,משיח משיח,אוספים חסידים,1l1ir3lzVOxsT3cLDoi_nveVCzWZepM1M
73,Track 03.mp3,משיח משיח,אוספים חסידים,1kvqb6prE0XB4Uctmt7QKLQbwZxwKAzXC
74,Track 07.mp3,משיח משיח,אוספים חסידים,1lAQ8F9phlgFA3ajBNrBnq10W4DQe_bUT
75,Track 04.mp3,משיח משיח,אוספים חסידים,1l694fVVBz2SpSPeO5Y9NH_KaAqw27k9P
76,Track 02.mp3,משיח משיח,אוספים חסידים,1l-EsBjJQm_SZgrNxhBz_n4eQi7tocOwy
77,Track 01.mp3,משיח משיח,אוספים חסידים,1l0q03rS1jjQ-yCCvIwg_do5o3PztTYKy
1,שאלי ארץ אהובה.mp3,אוסף שירים תימניים,אוסף שירים תימניים,1kQcaISlRLjFnorMDrSo0DLM4Rj5bMtPA
2,ראיתי בחלום מחרוזת.mp3,אוסף שירים תימניים,אוסף שירים תימניים,1kS0T_oaeDSjCaSiH124EOPO3wz_G6C6O
3,עין ולב.mp3,אוסף שירים תימניים,אוסף שירים תימניים,1kOKXDTrmIARzliURye-xNi04g7bC4E0q
4,עדן.mp3,אוסף שירים תימניים,אוסף שירים תימניים,1kJlmRT4Qhyd7JzV2bhCgUs13FhS4LmDP
5,עלה גדיד.mp3,אוסף שירים תימניים,אוסף שירים תימניים,1kO76X8fKoywOBDW4AxvEhplpneqeRi_v
6,מחרוזת תימנית.MP3,אוסף שירים תימניים,אוסף שירים תימניים,1kEO-MmHDUgpUd0LeYKFWpazU2s7J32d2
7,מי נשקני.mp3,אוסף שירים תימניים,אוסף שירים תימניים,1kMGRLGrUEvMYKc8jkrnTMkfOxHPcCA0S
8,מחרוזת שבדע.mp3,אוסף שירים תימניים,אוסף שירים תימניים,1kHkrDwXY1VMjuM1f9AVMXnsQTDtCh0fg
9,מחרוזת ראיתי בחלום.mp3,אוסף שירים תימניים,אוסף שירים תימניים,1kD-X5Ael9eAj2Wd7bLJOzLrxzbzqESci
10,מחרוזת סעי יונה.mp3,אוסף שירים תימניים,אוסף שירים תימניים,1kDDOjypDoMwZRYLi-wbmAZdVRpkKzewB
11,מחרוזת זמירות ציון.mp3,אוסף שירים תימניים,אוסף שירים תימניים,1k76E7DjCAcsZt8b8xIaE6kzELjweIQs3
12,מחרוזת אהרון עמרם.mp3,אוסף שירים תימניים,אוסף שירים תימניים,1k8fCpNrZVrinbYhqWnPgubftD97SK_4z
13,לפלח הרימון.mp3,אוסף שירים תימניים,אוסף שירים תימניים,1k9AK0pJVbnOhEPpkxoY-yLttRmyZ_ZFc
14,לך האל+קאלאדיב.mp3,אוסף שירים תימניים,אוסף שירים תימניים,1k0ShG9wvlpVjt3k4xaqJwAMzDCsVOrYJ
15,יאסין עלייך.mp3,אוסף שירים תימניים,אוסף שירים תימניים,1k4qJ23HrrTPVsbaIgEMRNwbYcXfIlIxk
16,כל ששון בתימנית.WMA,אוסף שירים תימניים,אוסף שירים תימניים,1k4SqCND8vKo6C5p2T7BmT6zEzwfdsJMt
17,יא טייר.mp3,אוסף שירים תימניים,אוסף שירים תימניים,1k-5zzldmN_Pjy7x8ojitZryh5pxilLVm
18,יא ג'מעה.mp3,אוסף שירים תימניים,אוסף שירים תימניים,1k0LF2HpUgQGPMg8W2QfjLUIctWVhdYDL
19,יא מחיגה.mp3,אוסף שירים תימניים,אוסף שירים תימניים,1jySL8c6v2pSgqujPSU1sGHJLZnon-vw3
20,חלא ג'דיד.mp3,אוסף שירים תימניים,אוסף שירים תימניים,1jy2iJ7TRzdwocIAhm8yw7uG4jigaXEmX
21,יא אכדר.mp3,אוסף שירים תימניים,אוסף שירים תימניים,1jwEKaRaNjIGjn5FIi1GiHQQ-SOELrtII
22,חביב חובני.mp3,אוסף שירים תימניים,אוסף שירים תימניים,1jqwPvosZzTmU9srLRRa4ckPN97qi7Fb8
23,המורי.MP3,אוסף שירים תימניים,אוסף שירים תימניים,1jtmviuj3ENeXjRNkTc5umPXINXhHbpTn
24,בינת מן היא.mp3,אוסף שירים תימניים,אוסף שירים תימניים,1jlsGwg1g3tBKjrN-KlFMmH59ucfWto9x
25,בלאדי.mp3,אוסף שירים תימניים,אוסף שירים תימניים,1ju3Nt7J-kJvnjxjt5gbPimrkoTpYguCr
26,אשקי עלייק.mp3,אוסף שירים תימניים,אוסף שירים תימניים,1jhUdpjV-ep5hAZkW2VCsYJY0l1iAh0yL
27,אשקי חלי.wma,אוסף שירים תימניים,אוסף שירים תימניים,1jheZ1vfok2bfxNaOr2VcQQHQ3PmLQVmP
28,בדעת אל גול.mp3,אוסף שירים תימניים,אוסף שירים תימניים,1jh-OhsrtVgdygYX7fWahxW2Ycjp9q7NU
29,בילה יאנס.mp3,אוסף שירים תימניים,אוסף שירים תימניים,1jpWqlrh3VOboFkkZXXlljRW36ShYIk90
30,אני אשאל.mp3,אוסף שירים תימניים,אוסף שירים תימניים,1jgCOMgniJokKPc6TqUtBRMHKySE_6XPB
31,אלף אלפת.mp3,אוסף שירים תימניים,אוסף שירים תימניים,1jbpxz7EQGgH0hh-Ag8Pf6lYxA1tFO-Rm
32,אחי בני תימן.MP3,אוסף שירים תימניים,אוסף שירים תימניים,1jfoK10ClRji22lggE0P24QTpZtoLJJUl
33,אחלה מן אסוכר.mp3,אוסף שירים תימניים,אוסף שירים תימניים,1jfYeL5BivMh03ZM6sC_5eTQpDOgFJxQB
34,אלאמן.mp3,אוסף שירים תימניים,אוסף שירים תימניים,1jbucQD6dRjsI5adAAyM9NPfsp8eyuvmg
35,אח יאבה.mp3,אוסף שירים תימניים,אוסף שירים תימניים,1jZzaQIePrzyGpg_1nUIuolVGGGK9BAZv
36,אחי בני תימן (2).mp3,אוסף שירים תימניים,אוסף שירים תימניים,1jZDhzLtcJLOMime0fSy_b-REqlx5ttVU
37,אבדע פי מן הוא.mp3,אוסף שירים תימניים,אוסף שירים תימניים,1j_d1W2YsxGBrfF_e2OGujZ-LQmq2cU9-
38,אבא שלום שבזי.MP3,אוסף שירים תימניים,אוסף שירים תימניים,1jSb_J-XwcLD9KkhumLtUWzasd8WloFsZ
39,אבא שמעון.wma,אוסף שירים תימניים,אוסף שירים תימניים,1jaH0zvaxvg8wDIjzXMPIYa7eNKWTr41b
40,אבא שלום שבאזי - 06 - Track  6.mp3,אוסף שירים תימניים,אוסף שירים תימניים,1jTpP5aiVBcGxiUnoMlV74g4tYjuIMAQs
41,07 יקול אבא אלחתן.mp3,אוסף שירים תימניים,אוסף שירים תימניים,1jXiTJ-Lbx0wYiKGeObSbbbE8Uby9Mwbt
42,10  יא רית ואנתי יהודייה .mp3,אוסף שירים תימניים,אוסף שירים תימניים,1jUUI35y-yQvt7oKYDmgLB6BuUEKENnnK
43,-הלילה.mp3,אוסף שירים תימניים,אוסף שירים תימניים,1jOSknJFT6179yyK7BduW1q9bh0Gs4Kns
44,03  ארחם  יא  רבי .mp3,אוסף שירים תימניים,אוסף שירים תימניים,1jMzUxI_CDp1M0r0HoZDugEcRRl1H0JGH
1,יחד (3).MP3,אוסף מוסיקה מקפיצה,אוסף מוסיקה מקפיצה,1BgYzGqqBbQHlzhItPfnTzhl4lx82641x
2,ידידים רוממוך.mp3,אוסף מוסיקה מקפיצה,אוסף מוסיקה מקפיצה,1BguD86e_ksjKSFIJLD4-Fi4OWSaV0v13
3,יחד (4).mp3,אוסף מוסיקה מקפיצה,אוסף מוסיקה מקפיצה,1BdVbuCLXfZkUrrQykeocYwLW_flEb9KP
4,טעמו.mp3,אוסף מוסיקה מקפיצה,אוסף מוסיקה מקפיצה,1BZBuQF_qXxLR03_9A8GiydP9zCf2QsT1
5,יבבאי.mp3,אוסף מוסיקה מקפיצה,אוסף מוסיקה מקפיצה,1BPk5DA2hcGwImjD3zVMI2KEtBpoUYfKB
6,יבנה המקדש.MP3,אוסף מוסיקה מקפיצה,אוסף מוסיקה מקפיצה,130HhVQHmJQLCQI2b4YHMDEyyUMRKbysq
7,יברכך השם.mp3,אוסף מוסיקה מקפיצה,אוסף מוסיקה מקפיצה,1BbqvXF9tCYdLFbn0ft4pe4KE1qj22LEs
8,טוב לחסות.mp3,אוסף מוסיקה מקפיצה,אוסף מוסיקה מקפיצה,1BGPNd2FWf2HDMEOb9LbdwBu1giBZ9EqA
9,טעמו וראו.mp3,אוסף מוסיקה מקפיצה,אוסף מוסיקה מקפיצה,1BMOXWvy9z2t5KpvD53Otdp068xxRMVK7
10,טוב להודות.mp3,אוסף מוסיקה מקפיצה,אוסף מוסיקה מקפיצה,1BE4-M-tCQozLP-EWYj_nqbTl_nGHDOZj
11,טוב לחסות (2).mp3,אוסף מוסיקה מקפיצה,אוסף מוסיקה מקפיצה,1B9jCJAQnCtyLTW0yvyYaCQ0n0BY_VLC_
12,טאנץ (2).mp3,אוסף מוסיקה מקפיצה,אוסף מוסיקה מקפיצה,1B0ZPJAf1BK4OosUH0_FZyA-Wd54hzv_F
13,טוב ה'.mp3,אוסף מוסיקה מקפיצה,אוסף מוסיקה מקפיצה,1B6As1YtLbTt3gqornKN4vFtVYYQKra70
14,טאנץ (3).mp3,אוסף מוסיקה מקפיצה,אוסף מוסיקה מקפיצה,1B2gxCwQWuuTUnnyKLOEAzUFoGV30V5bk
15,חנינא.mp3,אוסף מוסיקה מקפיצה,אוסף מוסיקה מקפיצה,1AxIRtmAlx8nYUDdRj8YYFdzSWb8hcZoE
16,חביבין.mp3,אוסף מוסיקה מקפיצה,אוסף מוסיקה מקפיצה,1AqnMk-FOLNepZDCXJABRZ-LPkvRYCpm3
17,חזקו.wma,אוסף מוסיקה מקפיצה,אוסף מוסיקה מקפיצה,1AqJE1D6PfeN32oE5nkI_P9BARj-Kmdmy
18,חיים טובים.mp3,אוסף מוסיקה מקפיצה,אוסף מוסיקה מקפיצה,1AuIaNdPi1vZMYGynL6_N_Ny8T7B7v1Gs
19,חנינא בני.wma,אוסף מוסיקה מקפיצה,אוסף מוסיקה מקפיצה,1B0Bt2aLsdTLed5CtFYDreVjDSzC-xUsM
20,ותגמלנו.MP3,אוסף מוסיקה מקפיצה,אוסף מוסיקה מקפיצה,1RVtcp_qbxwdMtP2yewO4JyM08uPHupYZ
21,ותערב קצבי.MP3,אוסף מוסיקה מקפיצה,אוסף מוסיקה מקפיצה,1Af6s6u_btkqBlFNS6M_gl8fx-ThLioRb
22,ותיתן לנו.mp3,אוסף מוסיקה מקפיצה,אוסף מוסיקה מקפיצה,1ANuoy2oADRMuLYS16dcpVbxuUEiMmMul
23,זכור אהבת.mp3,אוסף מוסיקה מקפיצה,אוסף מוסיקה מקפיצה,1A_DAOpneg0Bf500KA2A5ZkXHNBNi2Twt
24,חביבין ישראל.mp3,אוסף מוסיקה מקפיצה,אוסף מוסיקה מקפיצה,1AkLPf1CKxBhWdMdP3MxwafWR91GzCMhQ
25,ושכנתי.MP3,אוסף מוסיקה מקפיצה,אוסף מוסיקה מקפיצה,1ALvhC1U3cl6Os9nR0iRxtRZ27JlL11mB
26,וקווי ה'.mp3,אוסף מוסיקה מקפיצה,אוסף מוסיקה מקפיצה,1AHLDpV2_wht54zG-TK3M_1OIc2rGKixc
27,ושכנתי.wma,אוסף מוסיקה מקפיצה,אוסף מוסיקה מקפיצה,1AQZN11MuMUqHT0pAyD8-ow8StLugGF-l
28,ושומרי.mp3,אוסף מוסיקה מקפיצה,אוסף מוסיקה מקפיצה,1AIQ2tD0hRdqI13wcmzc3zNTdwYQka4BJ
29,וקרב פזורינו.mp3,אוסף מוסיקה מקפיצה,אוסף מוסיקה מקפיצה,1AGRepUqW6sThawiKkvz9n-ihMF_TKqLg
30,ועל הכל.mp3,אוסף מוסיקה מקפיצה,אוסף מוסיקה מקפיצה,1ADmYgtfuY08kT-Kldvsk2Q9ds7gU1V65
31,ולא נבוש.mp3,אוסף מוסיקה מקפיצה,אוסף מוסיקה מקפיצה,1A6rXt6K2iQnT8gLfT6BLeJBXI4bB4hfK
32,ונזכה.mp3,אוסף מוסיקה מקפיצה,אוסף מוסיקה מקפיצה,1A6P-2Q8OvtJIXXEqVN7wJanmqXLbSQ0r
33,ופרצת.mp3,אוסף מוסיקה מקפיצה,אוסף מוסיקה מקפיצה,1ADEuDQC5jUvnVJnFOXRt2duib7AOL6oP
34,ועל דע.mp3,אוסף מוסיקה מקפיצה,אוסף מוסיקה מקפיצה,1AGDmsGJYs8JGcYoXrOVl64UuJ-fSPGqZ
35,ופרצת (2).mp3,אוסף מוסיקה מקפיצה,אוסף מוסיקה מקפיצה,1IuyeCpr-3cayEFLN_9bJ3hiGF2FJYq01
36,ויחון עם.mp3,אוסף מוסיקה מקפיצה,אוסף מוסיקה מקפיצה,19yb2JenjF4OTR9IIbhU_Fm-qNhpIkCer
37,ויעזור (2).mp3,אוסף מוסיקה מקפיצה,אוסף מוסיקה מקפיצה,1A2Wvdq8Repbrv-PwKpYTtgnbDVyeNpf_
38,ויתן בפי.mp3,אוסף מוסיקה מקפיצה,אוסף מוסיקה מקפיצה,1AAoWKNX19_N4AM--TMdwlweev7csNFRo
39,ויעזור.mp3,אוסף מוסיקה מקפיצה,אוסף מוסיקה מקפיצה,1A4fkIw4MF0l0TbG4Oim1_dsJNKakR6mw
40,ויהי בישורון.mp3,אוסף מוסיקה מקפיצה,אוסף מוסיקה מקפיצה,19zrtLRHG2ZqOJV-MKm5Nem4p5vk3KqUl
41,וזכנו לקבל שבתות.mp3,אוסף מוסיקה מקפיצה,אוסף מוסיקה מקפיצה,19xPSmCm39UzJPwZWzGT3Xe50S2pWyFLK
42,וזכני.mp3,אוסף מוסיקה מקפיצה,אוסף מוסיקה מקפיצה,19xsiDAjSWQNJuPwlrKqnHa4fhwJ-pNEH
43,והמברך יתברך.mp3,אוסף מוסיקה מקפיצה,אוסף מוסיקה מקפיצה,19rlinArvQ3bQ0Xg7heEO46StgNIIwmFo
44,והגית.mp3,אוסף מוסיקה מקפיצה,אוסף מוסיקה מקפיצה,19n4F2EOqfndpTbS33KrmKEQIU6aTAIgK
45,והוא יוליכנו.mp3,אוסף מוסיקה מקפיצה,אוסף מוסיקה מקפיצה,19szGFryYUeblx3Zs2hD1QR61sXMrcayf
46,והבוטח.wma,אוסף מוסיקה מקפיצה,אוסף מוסיקה מקפיצה,19jsOA4qyi-9Bk1KExrpEdI5cYwfMM7T3
47,ובמקהלות.mp3,אוסף מוסיקה מקפיצה,אוסף מוסיקה מקפיצה,19imuaipGtdixVMm2z1wJ2fETAtoNijBz
48,וביום שמחתכם.mp3,אוסף מוסיקה מקפיצה,אוסף מוסיקה מקפיצה,19dnxa_SsGdtyIhwzov2jQP6nf3BI1okv
49,וארשתיך.mp3,אוסף מוסיקה מקפיצה,אוסף מוסיקה מקפיצה,19Xa-biBSh4XdyLIR298vuV-vWyB-IL_V
50,ואנפאה.mp3,אוסף מוסיקה מקפיצה,אוסף מוסיקה מקפיצה,19_l2GwxErciBTFSF63EVL0vhqvZAlX6X
51,ואני בחסדך.mp3,אוסף מוסיקה מקפיצה,אוסף מוסיקה מקפיצה,19Q0np6b39M-0ydD397xQZ6GA9qBdWY9N
52,ואתה מרום.mp3,אוסף מוסיקה מקפיצה,אוסף מוסיקה מקפיצה,19dZWXkZs_DpVWT78qZgnpKR1Im3_fSL4
53,התקבצו.mp3,אוסף מוסיקה מקפיצה,אוסף מוסיקה מקפיצה,19O5GHRUNFN467ys4k7IkqqnKKRE3IZZP
54,התקבצו (3).mp3,אוסף מוסיקה מקפיצה,אוסף מוסיקה מקפיצה,190djyIuYlwBwg3zoFnRETw20LNNlzgSg
55,"התקבצו ,עת לרקוד,הטוב.mp3",אוסף מוסיקה מקפיצה,אוסף מוסיקה מקפיצה,19CIsccNw2HR5Cf9ggsZiQSawua_6gKWJ
56,השיבנו.mp3,אוסף מוסיקה מקפיצה,אוסף מוסיקה מקפיצה,18x0x0teqalB4k7UZBKvI5MHGypc5glHE
57,השיבינו.MP3,אוסף מוסיקה מקפיצה,אוסף מוסיקה מקפיצה,18yulrLc0NEX6d53Yg3TK5lRcAiuSv8K-
58,השם מלך.mp3,אוסף מוסיקה מקפיצה,אוסף מוסיקה מקפיצה,196xAUZshm6GQK1nTMYcuP5WiqcUkfSNR
59,התקבצו (2).MP3,אוסף מוסיקה מקפיצה,אוסף מוסיקה מקפיצה,1960lviJOcloCEtAjcyFCqIZNN1f3BLnF
60,השם מלך (2).mp3,אוסף מוסיקה מקפיצה,אוסף מוסיקה מקפיצה,19BjnJ9MVRXyPNg_JDSjDarcqsHO91MQs
61,הקהל תשע''ו.mp3,אוסף מוסיקה מקפיצה,אוסף מוסיקה מקפיצה,18uD6K2KBV0nQ646u4gpZcv9uoAK_hJMB
62,הצליחנו.wma,אוסף מוסיקה מקפיצה,אוסף מוסיקה מקפיצה,18rKPHXzYB68SqHnU7hIojslLAAtUkb7z
63,הפכת (2).mp3,אוסף מוסיקה מקפיצה,אוסף מוסיקה מקפיצה,18pIJGiXv0b1BNT8t7wuDDr2S6XsRmrYz
64,הפכת.mp3,אוסף מוסיקה מקפיצה,אוסף מוסיקה מקפיצה,18tVMEOEMWGEcgF8QqDHXJmZ0_0-6Eqab
65,הענטלך.mp3,אוסף מוסיקה מקפיצה,אוסף מוסיקה מקפיצה,18jNNFFt3fhUdPVf9TdbZxrUdGPi8wVc6
66,הנה.mp3,אוסף מוסיקה מקפיצה,אוסף מוסיקה מקפיצה,18b459MaE62E2NrmKkOyn2O63tLo-19NM
67,"הסתרה, הנה מה, תשועתם, בלב אחד, אל תתיאש.mp3",אוסף מוסיקה מקפיצה,אוסף מוסיקה מקפיצה,18bzLxbmaRFeFAU5ad7i-Nuccvf7RYuNq
68,הנה אונכי.mp3,אוסף מוסיקה מקפיצה,אוסף מוסיקה מקפיצה,18VMHgAvlBVsqMKjifp9Tix-mskOoT3SE
69,הנה קל.mp3,אוסף מוסיקה מקפיצה,אוסף מוסיקה מקפיצה,18XnbvJU62WfgHz1EwsM2EFcuCsX74j9i
70,הנה אנוכי.mp3,אוסף מוסיקה מקפיצה,אוסף מוסיקה מקפיצה,18Thh6Ypax6-bArXNqlj4HRUpZO1BrbkU
71,המה.mp3,אוסף מוסיקה מקפיצה,אוסף מוסיקה מקפיצה,18SBN4aLH1inZ6wf-aTfUUO7WBcFsurs9
72,המה (2).mp3,אוסף מוסיקה מקפיצה,אוסף מוסיקה מקפיצה,18OOF-A8YSng2PFbBUpYv8ARJUpKmW-6l
73,המה המה (2).mp3,אוסף מוסיקה מקפיצה,אוסף מוסיקה מקפיצה,18O8khew6VT9PV3vDSUe8K4UkpDdr93v_
74,המה המה.mp3,אוסף מוסיקה מקפיצה,אוסף מוסיקה מקפיצה,1cmjcGakoGj3UwBOsE_w7pcnfv_OgfVeB
75,היסח הדעת.wma,אוסף מוסיקה מקפיצה,אוסף מוסיקה מקפיצה,18MWhRcqnvG7dSXkIB7f-2vrIgA3mmTK3
76,היסח הדעת.mp3,אוסף מוסיקה מקפיצה,אוסף מוסיקה מקפיצה,18LFWZgslDZgVkVtPzOak_-jqYhBZfpvl
77,הגיד.mp3,אוסף מוסיקה מקפיצה,אוסף מוסיקה מקפיצה,18ADSLgs5b4SZeLCokBvsf6RyxrhomWP8
78,הטוב הטוב.mp3,אוסף מוסיקה מקפיצה,אוסף מוסיקה מקפיצה,18EqOHZpowzrGqf7jzK31IPQUb-0ej4YY
79,הטוב הטוב.wma,אוסף מוסיקה מקפיצה,אוסף מוסיקה מקפיצה,18Ic3Qrpc19hTiPR_u_c0tQ3SMI182Nrv
80,הודו ושבחו.mp3,אוסף מוסיקה מקפיצה,אוסף מוסיקה מקפיצה,186mK0kECwxeLXkvTA0MfBGme6ZQFEJcD
81,הגומל.mp3,אוסף מוסיקה מקפיצה,אוסף מוסיקה מקפיצה,183AXEuvYOQ38pxgpn2a0p5EY5AsVRGbE
82,הבוחר.mp3,אוסף מוסיקה מקפיצה,אוסף מוסיקה מקפיצה,18-aiqOnSUsk88VPNcWGq-InfNZVWrjmR
83,דע לך בני (3).mp3,אוסף מוסיקה מקפיצה,אוסף מוסיקה מקפיצה,17lsFv4kpOS4w5Ia6Ye1HYxTtILlavXNY
84,דע לך.mp3,אוסף מוסיקה מקפיצה,אוסף מוסיקה מקפיצה,17tPmQPFSc9BPFLd5Py4PeqOL9BhoTFYE
85,דע לך בני.mp3,אוסף מוסיקה מקפיצה,אוסף מוסיקה מקפיצה,17mM3IP9moBFLgvU3syuLo50sLFSgbmfx
86,האדרת והאמונה.mp3,אוסף מוסיקה מקפיצה,אוסף מוסיקה מקפיצה,17vt8pvFtk68Ul2f-Hd5v9vdDDNsYOutP
87,גלה.mp3,אוסף מוסיקה מקפיצה,אוסף מוסיקה מקפיצה,17e5IifQP3NVIRprr0nlTpx2DZ5UqQidw
88,דע לך בני (2).mp3,אוסף מוסיקה מקפיצה,אוסף מוסיקה מקפיצה,17kzxH8e_J9amVhnnASp_g1kCHm5pbjHh
89,גלה.wma,אוסף מוסיקה מקפיצה,אוסף מוסיקה מקפיצה,17hvpWCk4mXBNriyA_i1hS8un8Vpllv88
90,גרייט זיך.mp3,אוסף מוסיקה מקפיצה,אוסף מוסיקה מקפיצה,17kywPIf8Hr84hIoyKzcu3z5Tr6PKRnXM
91,בתורה.mp3,אוסף מוסיקה מקפיצה,אוסף מוסיקה מקפיצה,17ajEeNpucu6lG1urwXwQAxy4FEpp7G9a
92,גיט שאבעס.wma,אוסף מוסיקה מקפיצה,אוסף מוסיקה מקפיצה,17WrU9DDeMu0Eq-mSA8Beoe23nltmC-nV
93,בשעה שישראל.mp3,אוסף מוסיקה מקפיצה,אוסף מוסיקה מקפיצה,17PXYM7WaI9dZ_1DfUOlE3EB2IKLF8DQP
94,בשיר וקול תודה.mp3,אוסף מוסיקה מקפיצה,אוסף מוסיקה מקפיצה,17BjKWNQNVoAWcaUtEJ46X97ROQNPzPlF
95,בשיר.mp3,אוסף מוסיקה מקפיצה,אוסף מוסיקה מקפיצה,178iar7nsEsG0rT28wzRBNo1wkjPOtMlX
96,בשורות טובות.mp3,אוסף מוסיקה מקפיצה,אוסף מוסיקה מקפיצה,175aGD0o4A3asVR90SrgLLOPifLO5a7wq
97,בחצוצרות.mp3,אוסף מוסיקה מקפיצה,אוסף מוסיקה מקפיצה,16w-02laRl8FSYDroZqBkNa0ZlEh40r_z
98,ברוך המקום.mp3,אוסף מוסיקה מקפיצה,אוסף מוסיקה מקפיצה,1727mmg0PluFWZGFLsi4hQM8o8xeZQy3a
99,בם בם.mp3,אוסף מוסיקה מקפיצה,אוסף מוסיקה מקפיצה,16vO-ZacYcGFaFcOUmKB4JongzIdx6eIp
100,בחכמה.mp3,אוסף מוסיקה מקפיצה,אוסף מוסיקה מקפיצה,16zdyqpuWXVZ_Ja6CV7iagBOS9AOtXsly
101,רקדו לכבוד בורא עולם.wma,הם רק רוצים לרקוד,אוסף מוסיקה מקפיצה,1nvTXiZW7jvtDYA91dG-XlMmz8X2uxJbJ
102,קרנבל.wma,הם רק רוצים לרקוד,אוסף מוסיקה מקפיצה,1fIT7ZrJK3fKfQ8Lu-hDEkArUyYJWCnQs
103,רק רוצים לרקוד.wma,הם רק רוצים לרקוד,אוסף מוסיקה מקפיצה,1IjbT3iCJypvJtOuYKbRDBUN4C-zL4Fe8
104,שיר הגאולה.wma,הם רק רוצים לרקוד,אוסף מוסיקה מקפיצה,1uXDIq30VZhI_Cp2HrRYCEpzMVgHh5Hj7
105,נחמן מאומן.wma,הם רק רוצים לרקוד,אוסף מוסיקה מקפיצה,1AJT9GVffjelpMlproQlfEk7OC1o1sOL-
106,מלך אחד.wma,הם רק רוצים לרקוד,אוסף מוסיקה מקפיצה,1rMJ1rYEUToWj_MRo7gNxYN4G_50ftLxh
107,לא נפסיק את השמחה רמיקס.wma,הם רק רוצים לרקוד,אוסף מוסיקה מקפיצה,1MTw6NbMvmJKDW2qqLcApj9sBamrIKaih
108,קום בן אדם.wma,הם רק רוצים לרקוד,אוסף מוסיקה מקפיצה,1ZI2TiwPhTEDGXo1pi2IbzcIApP1pP_s_
109,חלום של כל ברסלב.wma,הם רק רוצים לרקוד,אוסף מוסיקה מקפיצה,1aOLXsoahhSy2x6SldHkcrqndsD280vG1
110,ידיים לשמים רמיקס.wma,הם רק רוצים לרקוד,אוסף מוסיקה מקפיצה,1ZxdDnzEqv3lfCWwrGxXUYdMrr_moF2DU
111,גשר צר מאד.wma,הם רק רוצים לרקוד,אוסף מוסיקה מקפיצה,1P6f0d7DuKg-6BHXQncFs1E1yBMPAzJeJ
112,דרך השלום רמיקס.wma,הם רק רוצים לרקוד,אוסף מוסיקה מקפיצה,1vfXM05r_V6PPuJ9OdSUvHmMMjX6OWtna
1,11 רצועה 11.wma,מחרוזת,שמואל יפת,1WcWhXJeLsRBAQZ8FFrxlYCWRX39Gamt8
2,04 רצועה 4.wma,מחרוזת,שמואל יפת,1WeDcG1q_0oh_tMnYoyOEsOLLlVdUGmjg
3,07 רצועה 7.wma,מחרוזת,שמואל יפת,1WdRGQ6vbrpn8JFNLlJIpS4vughali2uB
4,27 רצועה 27.wma,מחרוזת,שמואל יפת,1WeV44bZO9nsHwf6v5MwkNX0CZAPT1yLd
5,26 רצועה 26.wma,מחרוזת,שמואל יפת,1WehD8sGmMpP485jULVCI0CXRSQCtB95R
6,10 רצועה 10.wma,מחרוזת,שמואל יפת,1WcX0V3wKZ744WHqrQ1XoRyi3h5_gIid2
7,23 רצועה 23.wma,מחרוזת,שמואל יפת,1Wf2h-eL-f5Gv8DUFyGI3LwSdZ_iRJ_9o
8,02 רצועה 2.wma,מחרוזת,שמואל יפת,1W_ojWGW1gpgSOQpDtrfy2W9V3lUz-RCM
9,15 רצועה 15.wma,מחרוזת,שמואל יפת,1WafxvWk-lcbqVoOeLesbFVTWIQzZ9V4x
10,19 רצועה 19.wma,מחרוזת,שמואל יפת,1Wg5Jh3g4dKFB_ZGBlfpUFR3YsrFUjJdT
11,12 רצועה 12.wma,מחרוזת,שמואל יפת,1WcGZWg6X0WpfePt_n8XXaLRIF9T9SfyE
12,24 רצועה 24.wma,מחרוזת,שמואל יפת,1Wf-GGntJyRFb2RmAykDaPsbeYlAbZGZz
13,16 רצועה 16.wma,מחרוזת,שמואל יפת,1WaZUgDCCyJzNqwWQJ6n0DySJiFUKE7DS
14,01 רצועה 1.wma,מחרוזת,שמואל יפת,1W_tLlbaTaiNk_P8Vf9euiWFOhoMGzhQG
15,25 רצועה 25.wma,מחרוזת,שמואל יפת,1Wemd6RIdjMKAExspxjE1-JbrepbiSeKr
16,21 רצועה 21.wma,מחרוזת,שמואל יפת,1WfFDkn1LtWMfECz9EUS0Z7YOneF9FOcu
17,08 רצועה 8.wma,מחרוזת,שמואל יפת,1WcuQt5NFD-wUuKNC5H8dNDOKBlbZ3T7I
18,13 רצועה 13.wma,מחרוזת,שמואל יפת,1WbuaXh0CHRBKdH5QxWeZ-srugXC_cbeh
19,20 רצועה 20.wma,מחרוזת,שמואל יפת,1WfnDAjpAdc9Zau6RBhj4TJyOdF6paSMv
20,06 רצועה 6.wma,מחרוזת,שמואל יפת,1Wdd4rXV7sEmbLPIZoQzSuzbl2AoatJ48
21,03 רצועה 3.wma,מחרוזת,שמואל יפת,1W_d-arAQjmh5AkJt2ogsyCtfOECHvshm
22,17 רצועה 17.wma,מחרוזת,שמואל יפת,1WgWYpXGYR78D12wYk9As7YFV0EB3l-8M
23,14 רצועה 14.wma,מחרוזת,שמואל יפת,1WahSouq5zSaUsE330NWjCUmNuUnOC--6
24,18 רצועה 18.wma,מחרוזת,שמואל יפת,1WgEqqc22cedtgWIE3nVw-YMvFlyLtcCG
25,09 רצועה 9.wma,מחרוזת,שמואל יפת,1WcaT7wa1dFoL71NK93fhI31csJLWTlnz
26,22 רצועה 22.wma,מחרוזת,שמואל יפת,1WfBkgtMVjeeybt553OWvkeYHCg7sduOO
27,05 רצועה 5.wma,מחרוזת,שמואל יפת,1WeCsy2Ws2WYgzgKlvIzQcnDc7F79mH95
1,דספסיטו - קאבר סקסופון מדהים (Despacito) (1).mp3,שירי כיסוי,שירי כיסוי,1TcbXIMEHouTuWWhhlMuIojg2o9VRIE5j
2,"Ya'ala - Mezamrim, Yoily Glickיעלה - מזמרים, יואלי גליק.mp3",שירי כיסוי,שירי כיסוי,1TbsIh9kOjAoqOxBQ2XDCEPDaD4lr2WYD
3,Shloime Daskal - A Hartzig Yomim Noraim Medley- A Team - Lev Choir.mp3,שירי כיסוי,שירי כיסוי,1TbyGSPVjXgDAwWbxUj4lskBN1GXZd2FT
